,Dataset,Iteration,metric,sim_graph,sigma,knn,epsi,normalised,Calinski,Davis,Silhouette,ari
0,0,0,euclidean,fully_connect,0.2,-1,-1.0,1,42.02039406225276,1.032368594845493,0.28144422695922466,0.4432219734821761
1,1,1,euclidean,fully_connect,0.30000000000000004,-1,-1.0,1,82.82837562655956,1.311621257328677,0.2998758494838216,0.9308728982369983
2,2,2,euclidean,fully_connect,0.4,-1,-1.0,1,82.63742971513221,1.3127550674049562,0.2987479202218964,0.9134057078950064
3,3,3,euclidean,fully_connect,0.5,-1,-1.0,1,82.82837562655956,1.311621257328677,0.2998758494838216,0.9308728982369983
4,4,4,euclidean,fully_connect,0.6000000000000001,-1,-1.0,1,83.25649805953448,1.3109726485115842,0.30095506071360967,0.9148795960669529
5,5,5,euclidean,fully_connect,0.7,-1,-1.0,1,83.25649805953448,1.3109726485115842,0.30095506071360967,0.9148795960669529
6,6,6,euclidean,fully_connect,0.8,-1,-1.0,1,83.25649805953448,1.3109726485115842,0.30095506071360967,0.9148795960669529
7,7,7,euclidean,fully_connect,0.9000000000000001,-1,-1.0,1,83.25649805953448,1.3109726485115842,0.30095506071360967,0.9148795960669529
8,8,8,euclidean,fully_connect,1.0,-1,-1.0,1,83.25649805953448,1.3109726485115842,0.30095506071360967,0.9148795960669529
9,9,9,euclidean,fully_connect,0.2,-1,-1.0,2,80.41913009210738,1.345066993347657,0.2876629709882784,0.7134090623639094
10,10,10,euclidean,fully_connect,0.30000000000000004,-1,-1.0,2,83.25649805953448,1.3109726485115842,0.30095506071360967,0.9148795960669529
11,11,11,euclidean,fully_connect,0.4,-1,-1.0,2,83.25649805953448,1.3109726485115842,0.30095506071360967,0.9148795960669529
12,12,12,euclidean,fully_connect,0.5,-1,-1.0,2,83.25649805953448,1.3109726485115842,0.30095506071360967,0.9148795960669529
13,13,13,euclidean,fully_connect,0.6000000000000001,-1,-1.0,2,83.1832876929511,1.306855415127,0.3010763586191935,0.8991568729455465
14,14,14,euclidean,fully_connect,0.7,-1,-1.0,2,83.1832876929511,1.306855415127,0.3010763586191935,0.8991568729455465
15,15,15,euclidean,fully_connect,0.8,-1,-1.0,2,83.1832876929511,1.306855415127,0.3010763586191935,0.8991568729455465
16,16,16,euclidean,fully_connect,0.9000000000000001,-1,-1.0,2,83.1832876929511,1.306855415127,0.3010763586191935,0.8991568729455465
17,17,17,euclidean,fully_connect,1.0,-1,-1.0,2,83.1832876929511,1.306855415127,0.3010763586191935,0.8991568729455465
18,18,18,euclidean,fully_connect,0.2,-1,-1.0,3,3.243015999932326,1.1907844791650328,0.16297151289786588,-0.0068141888967124505
19,19,19,euclidean,fully_connect,0.30000000000000004,-1,-1.0,3,2.392713977423818,0.640452702278334,0.16125796474312185,0.0004464508480769035
20,20,20,euclidean,fully_connect,0.4,-1,-1.0,3,2.392713977423818,0.640452702278334,0.16125796474312185,0.0004464508480769035
21,21,21,euclidean,fully_connect,0.5,-1,-1.0,3,2.392713977423818,0.640452702278334,0.16125796474312185,0.0004464508480769035
22,22,22,euclidean,fully_connect,0.6000000000000001,-1,-1.0,3,2.392713977423818,0.640452702278334,0.16125796474312185,0.0004464508480769035
23,23,23,euclidean,fully_connect,0.7,-1,-1.0,3,2.5273362718597054,1.3792979148512832,0.1272554275669206,0.003140663473048645
24,24,24,euclidean,fully_connect,0.8,-1,-1.0,3,41.356709665705885,1.0485481633032316,0.2780260617280401,0.4363836560895574
25,25,25,euclidean,fully_connect,0.9000000000000001,-1,-1.0,3,42.452994907030245,1.0532680553051026,0.28113991969006796,0.4174109924230607
26,26,26,euclidean,fully_connect,1.0,-1,-1.0,3,43.84419337684186,1.056575905442667,0.2844113923158214,0.39583827827737395
27,27,27,correlation,fully_connect,0.2,-1,-1.0,1,77.55538935294798,1.3846069441142361,0.2837571485574677,0.7692572516550639
28,28,28,correlation,fully_connect,0.30000000000000004,-1,-1.0,1,77.13093654060539,1.391127439200007,0.2818945571166129,0.7542676757279664
29,29,29,correlation,fully_connect,0.4,-1,-1.0,1,77.13093654060538,1.391127439200007,0.2818945571166129,0.7542676757279664
30,30,30,correlation,fully_connect,0.5,-1,-1.0,1,76.76591788280074,1.3882892741009052,0.28225872257548196,0.7400567763922127
31,31,31,correlation,fully_connect,0.6000000000000001,-1,-1.0,1,77.2554785240748,1.379795281756569,0.28284133717222,0.7255711739563243
32,32,32,correlation,fully_connect,0.7,-1,-1.0,1,77.2554785240748,1.379795281756569,0.28284133717222,0.7255711739563243
33,33,33,correlation,fully_connect,0.8,-1,-1.0,1,77.2554785240748,1.379795281756569,0.28284133717222,0.7255711739563243
34,34,34,correlation,fully_connect,0.9000000000000001,-1,-1.0,1,77.2554785240748,1.379795281756569,0.28284133717222,0.7255711739563243
35,35,35,correlation,fully_connect,1.0,-1,-1.0,1,77.2554785240748,1.379795281756569,0.28284133717222,0.7255711739563243
36,36,36,correlation,fully_connect,0.2,-1,-1.0,2,78.60131701424828,1.363993051466898,0.28733301271618705,0.7700269339384774
37,37,37,correlation,fully_connect,0.30000000000000004,-1,-1.0,2,77.16134939624766,1.385050035790966,0.28229268339826596,0.7400327640373894
38,38,38,correlation,fully_connect,0.4,-1,-1.0,2,77.16134939624766,1.385050035790966,0.28229268339826596,0.7400327640373894
39,39,39,correlation,fully_connect,0.5,-1,-1.0,2,76.76591788280074,1.3882892741009052,0.28225872257548196,0.7400567763922127
40,40,40,correlation,fully_connect,0.6000000000000001,-1,-1.0,2,77.2554785240748,1.379795281756569,0.28284133717222,0.7255711739563243
41,41,41,correlation,fully_connect,0.7,-1,-1.0,2,77.2554785240748,1.379795281756569,0.28284133717222,0.7255711739563243
42,42,42,correlation,fully_connect,0.8,-1,-1.0,2,77.2554785240748,1.379795281756569,0.28284133717222,0.7255711739563243
43,43,43,correlation,fully_connect,0.9000000000000001,-1,-1.0,2,77.42802917045026,1.3758972626172643,0.2825563701484595,0.7118126364493429
44,44,44,correlation,fully_connect,1.0,-1,-1.0,2,77.42802917045026,1.3758972626172643,0.2825563701484595,0.7118126364493429
45,45,45,correlation,fully_connect,0.2,-1,-1.0,3,43.6491704052064,1.254806828093758,0.23677758927271964,0.4246957151080945
46,46,46,correlation,fully_connect,0.30000000000000004,-1,-1.0,3,41.377823280600076,1.1319573005546302,0.17816129547221649,0.42347468791626597
47,47,47,correlation,fully_connect,0.4,-1,-1.0,3,42.21014349171769,1.0795464880790577,0.24369846290306457,0.4174109924230607
48,48,48,correlation,fully_connect,0.5,-1,-1.0,3,41.26494179621017,1.1988090765754802,0.14980401655244852,0.40296681345450436
49,49,49,correlation,fully_connect,0.6000000000000001,-1,-1.0,3,41.26494179621017,1.1988090765754802,0.14980401655244852,0.40296681345450436
50,50,50,correlation,fully_connect,0.7,-1,-1.0,3,40.712516582062605,1.183651896651932,0.15052529115619268,0.4204806566630433
51,51,51,correlation,fully_connect,0.8,-1,-1.0,3,40.712516582062605,1.183651896651932,0.15052529115619268,0.4204806566630433
52,52,52,correlation,fully_connect,0.9000000000000001,-1,-1.0,3,40.71251658206261,1.1836518966519323,0.15052529115619268,0.4204806566630433
53,53,53,correlation,fully_connect,1.0,-1,-1.0,3,40.71251658206261,1.1836518966519323,0.15052529115619268,0.4204806566630433
54,54,54,euclidean,eps_neighbor,-1.0,-1,0.419763223280599,1,1.179998225096312,0.9173992433459816,-0.08700365988273179,0.0004464508480769035
55,56,56,euclidean,eps_neighbor,-1.0,-1,0.419763223280599,3,0.9630257921796551,1.1114379156877325,-0.1435653783062182,0.0004464508480769035
56,57,57,euclidean,eps_neighbor,-1.0,-1,0.4413806388249861,1,1.261572105857482,0.87193032237818,-0.028284595865259086,0.0004464508480769035
57,59,59,euclidean,eps_neighbor,-1.0,-1,0.4413806388249861,3,1.179998225096312,0.9173992433459816,-0.08700365988273179,0.0004464508480769035
58,60,60,euclidean,eps_neighbor,-1.0,-1,0.46299805436937325,1,1.4243931271263746,0.8234502880261384,0.01679252637626877,0.005100046421238136
59,62,62,euclidean,eps_neighbor,-1.0,-1,0.46299805436937325,3,1.3352065960638066,0.8438551971216097,-0.12816524039133653,0.00277324863465752
60,63,63,euclidean,eps_neighbor,-1.0,-1,0.48461546991376037,1,1.927161811990854,0.7064931843981525,0.10630686107570166,-0.00381934509398756
61,65,65,euclidean,eps_neighbor,-1.0,-1,0.48461546991376037,3,1.5222927056309452,0.8047204127704802,-0.011568948376271735,-0.0016864471229553282
62,66,66,euclidean,eps_neighbor,-1.0,-1,0.5062328854581475,1,1.2887580725053727,0.9827941177768663,-0.07718813374316548,-0.00381934509398756
63,68,68,euclidean,eps_neighbor,-1.0,-1,0.5062328854581475,3,1.427496813821418,0.8475970284810104,-0.01795118801335915,-0.00381934509398756
64,69,69,euclidean,eps_neighbor,-1.0,-1,0.5278503010025346,1,2.152607394107912,0.6978411256251725,0.1298336071852105,-0.00381934509398756
65,71,71,euclidean,eps_neighbor,-1.0,-1,0.5278503010025346,3,2.152607394107912,0.6978411256251725,0.1298336071852105,-0.00381934509398756
66,72,72,euclidean,eps_neighbor,-1.0,-1,0.5494677165469217,1,2.152607394107912,0.6978411256251725,0.1298336071852105,-0.00381934509398756
67,74,74,euclidean,eps_neighbor,-1.0,-1,0.5494677165469217,3,2.152607394107912,0.6978411256251725,0.1298336071852105,-0.00381934509398756
68,75,75,euclidean,eps_neighbor,-1.0,-1,0.5710851320913088,1,1.750808772652884,0.7394249046409543,0.06831541515285568,-0.00381934509398756
69,77,77,euclidean,eps_neighbor,-1.0,-1,0.5710851320913088,3,1.750808772652884,0.7394249046409543,0.06831541515285568,-0.00381934509398756
70,78,78,euclidean,eps_neighbor,-1.0,-1,0.592702547635696,1,1.750808772652884,0.7394249046409543,0.06831541515285568,-0.00381934509398756
71,80,80,euclidean,eps_neighbor,-1.0,-1,0.592702547635696,3,1.750808772652884,0.7394249046409543,0.06831541515285568,-0.00381934509398756
72,81,81,euclidean,eps_neighbor,-1.0,-1,0.6143199631800831,1,1.9407052129415465,0.7039926482512994,0.0581825811814466,-0.00381934509398756
73,83,83,euclidean,eps_neighbor,-1.0,-1,0.6143199631800831,3,1.9407052129415465,0.7039926482512994,0.0581825811814466,-0.00381934509398756
74,84,84,euclidean,eps_neighbor,-1.0,-1,0.6359373787244702,1,1.9407052129415465,0.7039926482512994,0.0581825811814466,-0.00381934509398756
75,86,86,euclidean,eps_neighbor,-1.0,-1,0.6359373787244702,3,1.9407052129415465,0.7039926482512994,0.0581825811814466,-0.00381934509398756
76,87,87,euclidean,eps_neighbor,-1.0,-1,0.6575547942688573,1,1.9407052129415465,0.7039926482512994,0.0581825811814466,-0.00381934509398756
77,89,89,euclidean,eps_neighbor,-1.0,-1,0.6575547942688573,3,1.9407052129415465,0.7039926482512994,0.0581825811814466,-0.00381934509398756
78,90,90,euclidean,eps_neighbor,-1.0,-1,0.6791722098132444,1,2.2489786174912165,0.6720841955835688,0.1486578714668445,-0.00381934509398756
79,91,91,euclidean,eps_neighbor,-1.0,-1,0.6791722098132444,2,2.2489786174912165,0.6720841955835688,0.1486578714668445,-0.00381934509398756
80,92,92,euclidean,eps_neighbor,-1.0,-1,0.6791722098132444,3,2.2489786174912165,0.6720841955835688,0.1486578714668445,-0.00381934509398756
81,93,93,euclidean,eps_neighbor,-1.0,-1,0.7007896253576316,1,2.2489786174912165,0.6720841955835688,0.1486578714668445,-0.00381934509398756
82,94,94,euclidean,eps_neighbor,-1.0,-1,0.7007896253576316,2,2.2489786174912165,0.6720841955835688,0.1486578714668445,-0.00381934509398756
83,95,95,euclidean,eps_neighbor,-1.0,-1,0.7007896253576316,3,2.2489786174912165,0.6720841955835688,0.1486578714668445,-0.00381934509398756
84,96,96,euclidean,eps_neighbor,-1.0,-1,0.7224070409020187,1,2.2489786174912165,0.6720841955835688,0.1486578714668445,-0.00381934509398756
85,97,97,euclidean,eps_neighbor,-1.0,-1,0.7224070409020187,2,2.2489786174912165,0.6720841955835688,0.1486578714668445,-0.00381934509398756
86,98,98,euclidean,eps_neighbor,-1.0,-1,0.7224070409020187,3,2.2489786174912165,0.6720841955835688,0.1486578714668445,-0.00381934509398756
87,99,99,euclidean,eps_neighbor,-1.0,-1,0.7440244564464058,1,41.69604765931437,1.043062107056248,0.28020075664980626,0.4363836560895574
88,100,100,euclidean,eps_neighbor,-1.0,-1,0.7440244564464058,2,77.02845072734293,1.3499202783169875,0.275814979940184,0.6376119245227211
89,101,101,euclidean,eps_neighbor,-1.0,-1,0.7440244564464058,3,3.3306596569786957,1.0270965878397498,0.1269085344546778,-0.0068141888967124505
90,102,102,euclidean,eps_neighbor,-1.0,-1,0.7656418719907929,1,41.69604765931437,1.043062107056248,0.28020075664980626,0.4363836560895574
91,103,103,euclidean,eps_neighbor,-1.0,-1,0.7656418719907929,2,78.91208348740984,1.3609283103967114,0.28789043660962804,0.7065116818797379
92,104,104,euclidean,eps_neighbor,-1.0,-1,0.7656418719907929,3,2.8990736659299365,0.9507633697239329,0.15383616708341782,-0.00543782485223707
93,105,105,euclidean,eps_neighbor,-1.0,-1,0.78725928753518,1,41.94222752399284,1.045859726047663,0.2804449839846442,0.4298000536358763
94,106,106,euclidean,eps_neighbor,-1.0,-1,0.78725928753518,2,77.22404099253447,1.3779733158065695,0.28116738038336125,0.6779374850282257
95,107,107,euclidean,eps_neighbor,-1.0,-1,0.78725928753518,3,2.8990736659299365,0.9507633697239329,0.15383616708341782,-0.00543782485223707
96,108,108,euclidean,eps_neighbor,-1.0,-1,0.8088767030795672,1,81.3283473638303,1.3283247935073046,0.2953251374028977,0.86494782721085
97,109,109,euclidean,eps_neighbor,-1.0,-1,0.8088767030795672,2,81.3793187430117,1.3251588154534122,0.2957561882138437,0.8819060308281067
98,110,110,euclidean,eps_neighbor,-1.0,-1,0.8088767030795672,3,2.8990736659299365,0.9507633697239329,0.15383616708341782,-0.00543782485223707
99,111,111,euclidean,eps_neighbor,-1.0,-1,0.8304941186239543,1,82.13127343061737,1.3224426787713668,0.29731765732474547,0.9133577991086984
100,112,112,euclidean,eps_neighbor,-1.0,-1,0.8304941186239543,2,82.5268462270217,1.321944098169458,0.29828200936222515,0.8974949815093207
101,113,113,euclidean,eps_neighbor,-1.0,-1,0.8304941186239543,3,2.151261725294308,0.6983992589327673,0.1385219088463573,-0.00381934509398756
102,114,114,euclidean,eps_neighbor,-1.0,-1,0.8521115341683414,1,81.61943055639813,1.337756768570724,0.29515671458333986,0.8625485319615126
103,115,115,euclidean,eps_neighbor,-1.0,-1,0.8521115341683414,2,81.96704695977564,1.3372668697194754,0.2959883005469798,0.8470966807514034
104,116,116,euclidean,eps_neighbor,-1.0,-1,0.8521115341683414,3,2.151261725294308,0.6983992589327673,0.1385219088463573,-0.00381934509398756
105,117,117,euclidean,eps_neighbor,-1.0,-1,0.8737289497127285,1,81.96880981332522,1.324624356789367,0.29697636171214253,0.912130038265503
106,118,118,euclidean,eps_neighbor,-1.0,-1,0.8737289497127285,2,82.49389934973252,1.3275623681087076,0.29746713180303114,0.8635987920128989
107,119,119,euclidean,eps_neighbor,-1.0,-1,0.8737289497127285,3,2.8990736659299365,0.9507633697239329,0.15383616708341782,-0.00543782485223707
108,120,120,euclidean,eps_neighbor,-1.0,-1,0.8953463652571156,1,82.47344300969851,1.3197092002683164,0.2960644653016343,0.8617967592137037
109,121,121,euclidean,eps_neighbor,-1.0,-1,0.8953463652571156,2,83.09594448078525,1.3205472865447432,0.29778866287956585,0.8308979266346823
110,122,122,euclidean,eps_neighbor,-1.0,-1,0.8953463652571156,3,2.2175392358366794,0.6806668411271212,0.1459653622983612,-0.00381934509398756
111,123,123,euclidean,eps_neighbor,-1.0,-1,0.9169637808015028,1,82.43176560317707,1.3169314521160915,0.2977388315227887,0.912130038265503
112,124,124,euclidean,eps_neighbor,-1.0,-1,0.9169637808015028,2,83.26428898244771,1.321049105842404,0.2997081530816115,0.8470966807514034
113,125,125,euclidean,eps_neighbor,-1.0,-1,0.9169637808015028,3,2.392713977423818,0.640452702278334,0.16125796474312185,0.0004464508480769035
114,126,126,euclidean,eps_neighbor,-1.0,-1,0.9385811963458899,1,82.45754285636727,1.3195710994544776,0.2976131348983012,0.8950582389649661
115,127,127,euclidean,eps_neighbor,-1.0,-1,0.9385811963458899,2,83.26428898244771,1.321049105842404,0.2997081530816115,0.8470966807514034
116,128,128,euclidean,eps_neighbor,-1.0,-1,0.9385811963458899,3,2.392713977423818,0.640452702278334,0.16125796474312185,0.0004464508480769035
117,129,129,euclidean,eps_neighbor,-1.0,-1,0.960198611890277,1,81.54276767846784,1.3272384330148614,0.2911356348184145,0.8456588529558786
118,130,130,euclidean,eps_neighbor,-1.0,-1,0.960198611890277,2,82.56140960275663,1.3203131020582906,0.29767062017217094,0.8782789330000148
119,131,131,euclidean,eps_neighbor,-1.0,-1,0.960198611890277,3,2.392713977423818,0.640452702278334,0.16125796474312185,0.0004464508480769035
120,132,132,euclidean,eps_neighbor,-1.0,-1,0.9818160274346641,1,81.36236359010823,1.3299411236485847,0.2917858983756661,0.8461206449030438
121,133,133,euclidean,eps_neighbor,-1.0,-1,0.9818160274346641,2,82.90746362050449,1.3218538137377769,0.2988585295111252,0.8625485319615126
122,134,134,euclidean,eps_neighbor,-1.0,-1,0.9818160274346641,3,2.392713977423818,0.640452702278334,0.16125796474312185,0.0004464508480769035
123,135,135,euclidean,eps_neighbor,-1.0,-1,1.0034334429790512,1,80.15312382180245,1.3407294591400813,0.282745625764575,0.7676372752422214
124,136,136,euclidean,eps_neighbor,-1.0,-1,1.0034334429790512,2,83.26428898244771,1.321049105842404,0.2997081530816115,0.8470966807514034
125,137,137,euclidean,eps_neighbor,-1.0,-1,1.0034334429790512,3,2.392713977423818,0.640452702278334,0.16125796474312185,0.0004464508480769035
126,138,138,euclidean,eps_neighbor,-1.0,-1,1.0250508585234384,1,78.05861554489712,1.3514317554997086,0.273239261004222,0.7361838570703987
127,139,139,euclidean,eps_neighbor,-1.0,-1,1.0250508585234384,2,82.97458404186114,1.3266672621566713,0.29842396242073005,0.8308979266346823
128,140,140,euclidean,eps_neighbor,-1.0,-1,1.0250508585234384,3,2.392713977423818,0.640452702278334,0.16125796474312185,0.0004464508480769035
129,141,141,euclidean,eps_neighbor,-1.0,-1,1.0466682740678255,1,76.85777625970184,1.3572087710079188,0.26627685914504223,0.692320901055207
130,142,142,euclidean,eps_neighbor,-1.0,-1,1.0466682740678255,2,82.23045459552009,1.3359748970442098,0.29577802510118956,0.8158755966377977
131,143,143,euclidean,eps_neighbor,-1.0,-1,1.0466682740678255,3,2.392713977423818,0.640452702278334,0.16125796474312185,0.0004464508480769035
132,144,144,euclidean,eps_neighbor,-1.0,-1,1.0682856896122126,1,69.72752622102828,1.3722248313946948,0.2532346607184448,0.7000064418376093
133,145,145,euclidean,eps_neighbor,-1.0,-1,1.0682856896122126,2,82.3251391309255,1.334969248757119,0.2969473870094427,0.8150068438497655
134,146,146,euclidean,eps_neighbor,-1.0,-1,1.0682856896122126,3,2.392713977423818,0.640452702278334,0.16125796474312185,0.0004464508480769035
135,147,147,euclidean,eps_neighbor,-1.0,-1,1.0899031051565997,1,72.37335026093014,1.3690080377791103,0.2549484543760086,0.6785625345780905
136,148,148,euclidean,eps_neighbor,-1.0,-1,1.0899031051565997,2,82.32513913092549,1.3349692487571192,0.2969473870094427,0.8150068438497655
137,149,149,euclidean,eps_neighbor,-1.0,-1,1.0899031051565997,3,2.392713977423818,0.640452702278334,0.16125796474312185,0.0004464508480769035
138,150,150,euclidean,eps_neighbor,-1.0,-1,1.1115205207009868,1,64.59362957150353,1.3875773608726527,0.22428278979821104,0.5443948841647729
139,151,151,euclidean,eps_neighbor,-1.0,-1,1.1115205207009868,2,81.3450464844312,1.349614263600855,0.29323423005555144,0.7845473918893952
140,152,152,euclidean,eps_neighbor,-1.0,-1,1.1115205207009868,3,2.392713977423818,0.640452702278334,0.16125796474312185,0.0004464508480769035
141,153,153,euclidean,eps_neighbor,-1.0,-1,1.133137936245374,1,64.36638725050614,1.3715068396177703,0.21693000982127292,0.5322466438187626
142,154,154,euclidean,eps_neighbor,-1.0,-1,1.133137936245374,2,81.10700880074616,1.3508505038277707,0.2912906964582252,0.770090630184816
143,155,155,euclidean,eps_neighbor,-1.0,-1,1.133137936245374,3,2.392713977423818,0.640452702278334,0.16125796474312185,0.0004464508480769035
144,156,156,euclidean,eps_neighbor,-1.0,-1,1.154755351789761,1,64.10797544682909,1.4099354246021407,0.22201155989743762,0.5713012504215103
145,157,157,euclidean,eps_neighbor,-1.0,-1,1.154755351789761,2,80.70177585398366,1.3572855661389094,0.2899371513699388,0.7692918537868542
146,158,158,euclidean,eps_neighbor,-1.0,-1,1.154755351789761,3,2.392713977423818,0.640452702278334,0.16125796474312185,0.0004464508480769035
147,159,159,euclidean,eps_neighbor,-1.0,-1,1.1763727673341482,1,65.66261511749624,1.3973072380340545,0.23084043368837917,0.6031456250424977
148,160,160,euclidean,eps_neighbor,-1.0,-1,1.1763727673341482,2,81.32304710368562,1.3504512352509377,0.29257432671939215,0.7693849879575289
149,161,161,euclidean,eps_neighbor,-1.0,-1,1.1763727673341482,3,2.392713977423818,0.6404527022783338,0.16125796474312185,0.0004464508480769035
150,162,162,euclidean,eps_neighbor,-1.0,-1,1.1979901828785353,1,61.967608565272194,1.4129087732128014,0.21512411738036516,0.5259354084527819
151,163,163,euclidean,eps_neighbor,-1.0,-1,1.1979901828785353,2,77.6012372552669,1.385512543046614,0.2795070073359195,0.7255841000848232
152,164,164,euclidean,eps_neighbor,-1.0,-1,1.1979901828785353,3,2.392713977423818,0.6404527022783338,0.16125796474312185,0.0004464508480769035
153,165,165,euclidean,eps_neighbor,-1.0,-1,1.2196075984229224,1,71.61935468115219,1.3568906082388315,0.2426807540675311,0.6568985825058467
154,166,166,euclidean,eps_neighbor,-1.0,-1,1.2196075984229224,2,79.42614106184294,1.3531278197165169,0.28758588488754755,0.7988771154467397
155,167,167,euclidean,eps_neighbor,-1.0,-1,1.2196075984229224,3,2.392713977423818,0.6404527022783338,0.16125796474312185,0.0004464508480769035
156,168,168,euclidean,eps_neighbor,-1.0,-1,1.2412250139673096,1,70.04341814198357,1.3838505502004423,0.24080646858426474,0.6600643593036457
157,169,169,euclidean,eps_neighbor,-1.0,-1,1.2412250139673096,2,77.81333403464934,1.3730823354081227,0.27973148833922257,0.7692146414362626
158,170,170,euclidean,eps_neighbor,-1.0,-1,1.2412250139673096,3,2.392713977423818,0.6404527022783338,0.16125796474312185,0.0004464508480769035
159,171,171,euclidean,eps_neighbor,-1.0,-1,1.2628424295116967,1,72.68482684737538,1.4088036090082923,0.2533028422110856,0.738812204944246
160,172,172,euclidean,eps_neighbor,-1.0,-1,1.2628424295116967,2,75.46387836715405,1.4071221168208758,0.27235255932089153,0.7396310222379363
161,173,173,euclidean,eps_neighbor,-1.0,-1,1.2628424295116967,3,4.291624912334502,0.8515477896175448,0.11105976350058168,-0.0003451724960910503
162,174,174,correlation,eps_neighbor,-1.0,-1,0.419763223280599,1,43.09845597201643,1.2562586336685813,0.23487766414088102,0.4310615828775127
163,175,175,correlation,eps_neighbor,-1.0,-1,0.419763223280599,2,44.17648799929281,1.259682686837117,0.23949409860763266,0.4127569134909193
164,176,176,correlation,eps_neighbor,-1.0,-1,0.419763223280599,3,43.65895927237195,1.2545403617030346,0.23734852257874978,0.4246957151080945
165,177,177,correlation,eps_neighbor,-1.0,-1,0.4641358130822357,1,43.435422140718835,1.252415281621689,0.23585942587427458,0.4310615828775127
166,178,178,correlation,eps_neighbor,-1.0,-1,0.4641358130822357,2,45.5400562128254,1.5908618003102941,0.2464012923240961,0.3940745938887956
167,179,179,correlation,eps_neighbor,-1.0,-1,0.4641358130822357,3,42.14147853761768,1.229342613920007,0.21900231808927276,0.4335896803660527
168,180,180,correlation,eps_neighbor,-1.0,-1,0.5085084028838724,1,77.45016564214096,1.3786726557091589,0.28348288028359525,0.7692572516550639
169,181,181,correlation,eps_neighbor,-1.0,-1,0.5085084028838724,2,77.59353113755927,1.3788526619946528,0.28420885313621047,0.7548781005452883
170,182,182,correlation,eps_neighbor,-1.0,-1,0.5085084028838724,3,42.66715610336169,1.2427090156478795,0.22264492421746543,0.40926378886208636
171,183,183,correlation,eps_neighbor,-1.0,-1,0.5528809926855092,1,77.23311951966174,1.394635106929856,0.28380863557421016,0.7692146414362626
172,184,184,correlation,eps_neighbor,-1.0,-1,0.5528809926855092,2,77.59353113755927,1.3788526619946528,0.28420885313621047,0.7548781005452883
173,185,185,correlation,eps_neighbor,-1.0,-1,0.5528809926855092,3,41.377823280600076,1.1319573005546302,0.17816129547221649,0.42347468791626597
174,186,186,correlation,eps_neighbor,-1.0,-1,0.5972535824871459,1,76.81509170930264,1.4034753540775344,0.28115346537940517,0.7395829410774617
175,187,187,correlation,eps_neighbor,-1.0,-1,0.5972535824871459,2,77.10361922932118,1.3955689465801735,0.2824172681404229,0.7542676757279664
176,188,188,correlation,eps_neighbor,-1.0,-1,0.5972535824871459,3,40.895789103137574,1.137800896317908,0.17700962870776896,0.42347468791626597
177,189,189,correlation,eps_neighbor,-1.0,-1,0.6416261722887826,1,76.27902862232126,1.4099866787273596,0.27960774678431566,0.7252071573792738
178,190,190,correlation,eps_neighbor,-1.0,-1,0.6416261722887826,2,76.27902862232126,1.4099866787273596,0.27960774678431566,0.7252071573792738
179,191,191,correlation,eps_neighbor,-1.0,-1,0.6416261722887826,3,41.377823280600076,1.1319573005546302,0.17816129547221649,0.42347468791626597
180,192,192,correlation,eps_neighbor,-1.0,-1,0.6859987620904193,1,76.86092810111577,1.4021952170891734,0.2825204305162929,0.7542676757279664
181,193,193,correlation,eps_neighbor,-1.0,-1,0.6859987620904193,2,76.86092810111577,1.4021952170891734,0.2825204305162929,0.7542676757279664
182,194,194,correlation,eps_neighbor,-1.0,-1,0.6859987620904193,3,41.150945114971556,1.1299920418897034,0.17740611886630117,0.4298000536358763
183,195,195,correlation,eps_neighbor,-1.0,-1,0.730371351892056,1,76.4600868115691,1.4082091713623555,0.2793506009852589,0.7252071573792738
184,196,196,correlation,eps_neighbor,-1.0,-1,0.730371351892056,2,76.47426620950027,1.4018695834666641,0.2796620645554754,0.7112692044795081
185,197,197,correlation,eps_neighbor,-1.0,-1,0.730371351892056,3,42.08939828415275,1.1397524766066984,0.18153673237305196,0.4060818815611374
186,198,198,correlation,eps_neighbor,-1.0,-1,0.7747439416936928,1,76.83756846380666,1.3950055979534912,0.27975343557225796,0.697358864736881
187,199,199,correlation,eps_neighbor,-1.0,-1,0.7747439416936928,2,76.83756846380666,1.3950055979534912,0.27975343557225796,0.697358864736881
188,200,200,correlation,eps_neighbor,-1.0,-1,0.7747439416936928,3,43.36173924740011,1.2421044866386188,0.22467399850751898,0.40385081400146333
189,201,201,correlation,eps_neighbor,-1.0,-1,0.8191165314953295,1,73.5087359569502,1.4278423382930179,0.2685085307153313,0.6107557294695131
190,202,202,correlation,eps_neighbor,-1.0,-1,0.8191165314953295,2,76.41838637383448,1.3962253461180236,0.2757529408323174,0.6449441281789338
191,203,203,correlation,eps_neighbor,-1.0,-1,0.8191165314953295,3,42.09601491798432,1.1393215374727204,0.18126801065027517,0.4060818815611374
192,204,204,correlation,eps_neighbor,-1.0,-1,0.8634891212969662,1,73.56417990773156,1.4230487762078414,0.2679108387771506,0.6091237382522285
193,205,205,correlation,eps_neighbor,-1.0,-1,0.8634891212969662,2,74.31943537498373,1.4174357383026537,0.2712871781076479,0.622178167297443
194,206,206,correlation,eps_neighbor,-1.0,-1,0.8634891212969662,3,43.07123121598492,1.0896623030439816,0.247202296023325,0.39583827827737395
195,207,207,correlation,eps_neighbor,-1.0,-1,0.9078617110986029,1,69.12591725268327,1.4650725075840019,0.2530737200560884,0.5980958588877778
196,208,208,correlation,eps_neighbor,-1.0,-1,0.9078617110986029,2,73.5087359569502,1.4278423382930179,0.2685085307153313,0.6107557294695131
197,209,209,correlation,eps_neighbor,-1.0,-1,0.9078617110986029,3,41.90592374816871,1.2074050467618052,0.15598835625637067,0.39263534359534147
198,210,210,correlation,eps_neighbor,-1.0,-1,0.9522343009002396,1,66.60788584844248,1.4781209426600086,0.24770471636434813,0.5685588164210006
199,211,211,correlation,eps_neighbor,-1.0,-1,0.9522343009002396,2,74.6900286232847,1.419742575171341,0.26721291250924817,0.6319170931831256
200,212,212,correlation,eps_neighbor,-1.0,-1,0.9522343009002396,3,41.90592374816871,1.2074050467618052,0.15598835625637067,0.39263534359534147
201,213,213,correlation,eps_neighbor,-1.0,-1,0.9966068907018764,1,64.25924806332978,1.4968751588248164,0.2430691167805425,0.5358879425075749
202,214,214,correlation,eps_neighbor,-1.0,-1,0.9966068907018764,2,73.75402233202321,1.4318979287280484,0.2620084395545035,0.6069135763240789
203,215,215,correlation,eps_neighbor,-1.0,-1,0.9966068907018764,3,41.56932172943707,1.2009537856785064,0.14998163762155148,0.3976645343219038
204,216,216,correlation,eps_neighbor,-1.0,-1,1.040979480503513,1,65.0543626177728,1.4824395326719593,0.23694964397470594,0.6020567397864388
205,217,217,correlation,eps_neighbor,-1.0,-1,1.040979480503513,2,72.8437469193365,1.4459104693607958,0.26031312565899123,0.619807059936392
206,218,218,correlation,eps_neighbor,-1.0,-1,1.040979480503513,3,41.26494179621017,1.1988090765754802,0.14980401655244852,0.40296681345450436
207,219,219,correlation,eps_neighbor,-1.0,-1,1.0853520703051498,1,62.22886417289777,1.5041496601135809,0.22810880035285241,0.5612051555605234
208,220,220,correlation,eps_neighbor,-1.0,-1,1.0853520703051498,2,72.01283582113248,1.4507728771310398,0.25873524985314156,0.6312917923449829
209,221,221,correlation,eps_neighbor,-1.0,-1,1.0853520703051498,3,37.67137583032162,1.187375048802913,0.14258939974458604,0.36879494049609196
210,222,222,correlation,eps_neighbor,-1.0,-1,1.1297246601067865,1,61.27700317360683,1.4821901141920144,0.21916654182004364,0.6112606422698493
211,223,223,correlation,eps_neighbor,-1.0,-1,1.1297246601067865,2,71.50484668687254,1.4399031894759144,0.25613983417746333,0.6980790884628983
212,224,224,correlation,eps_neighbor,-1.0,-1,1.1297246601067865,3,37.2499282166301,1.1737648143670898,0.1429213971879516,0.3807784540741755
213,225,225,correlation,eps_neighbor,-1.0,-1,1.1740972499084232,1,59.18863897779256,1.5660450764293383,0.21459314187403553,0.6096097795368582
214,226,226,correlation,eps_neighbor,-1.0,-1,1.1740972499084232,2,71.31163812555074,1.4556069820371524,0.2546974009387508,0.6838845217448652
215,227,227,correlation,eps_neighbor,-1.0,-1,1.1740972499084232,3,29.27490034287885,1.1180251011762599,0.12508205694851593,0.31362014038984154
216,228,228,correlation,eps_neighbor,-1.0,-1,1.21846983971006,1,45.918153521844545,1.694697607677371,0.16226809170221632,0.485673292657099
217,229,229,correlation,eps_neighbor,-1.0,-1,1.21846983971006,2,40.18768421717129,2.3609170753388207,0.13606921260769883,0.2783625367332261
218,230,230,correlation,eps_neighbor,-1.0,-1,1.21846983971006,3,1.2754279738054617,0.8939046729119761,-0.005919325053986077,0.005100046421238136
219,231,231,correlation,eps_neighbor,-1.0,-1,1.2628424295116967,1,42.34080874061344,1.8921492298746825,0.16175222562777355,0.44078611226004233
220,232,232,correlation,eps_neighbor,-1.0,-1,1.2628424295116967,2,39.84998052024717,2.329841242719543,0.1340799253356654,0.27910401343262925
221,233,233,correlation,eps_neighbor,-1.0,-1,1.2628424295116967,3,1.2754279738054617,0.8939046729119761,-0.005919325053986077,0.005100046421238136
222,234,234,euclidean,knn,-1.0,3,-1.0,1,80.89649415357638,1.3209981657774243,0.2928656855870719,0.8024591068836742
223,235,235,euclidean,knn,-1.0,3,-1.0,2,81.5946119193965,1.3161130598355413,0.29721705358192524,0.8685425493202144
224,236,236,euclidean,knn,-1.0,3,-1.0,3,80.89649415357638,1.3209981657774243,0.2928656855870719,0.8024591068836742
225,237,237,correlation,knn,-1.0,3,-1.0,1,73.90243612361566,1.4338767325520447,0.27229672981919767,0.7699632023883479
226,238,238,correlation,knn,-1.0,3,-1.0,2,76.78140698717355,1.3855376324484039,0.28190096930633113,0.8010889713619049
227,239,239,correlation,knn,-1.0,3,-1.0,3,73.90243612361566,1.4338767325520447,0.27229672981919767,0.7699632023883479
228,240,240,euclidean,knn,-1.0,4,-1.0,1,80.1399930902267,1.336163670612421,0.2909832420260974,0.8002994837957726
229,241,241,euclidean,knn,-1.0,4,-1.0,2,80.74240628727546,1.3248730954794083,0.2946821940057059,0.8651097394404906
230,242,242,euclidean,knn,-1.0,4,-1.0,3,80.1399930902267,1.336163670612421,0.2909832420260974,0.8002994837957726
231,243,243,correlation,knn,-1.0,4,-1.0,1,71.74756008881643,1.456585303325672,0.2639654787147005,0.6347831535763332
232,244,244,correlation,knn,-1.0,4,-1.0,2,77.45954898358207,1.3712261729898756,0.2808635679337762,0.7856530050406743
233,245,245,correlation,knn,-1.0,4,-1.0,3,71.74756008881643,1.456585303325672,0.2639654787147005,0.6347831535763332
234,246,246,euclidean,knn,-1.0,5,-1.0,1,82.17300527997766,1.311565670716311,0.2989149603143139,0.8515688400838234
235,247,247,euclidean,knn,-1.0,5,-1.0,2,82.17300527997766,1.311565670716311,0.2989149603143139,0.8515688400838234
236,248,248,euclidean,knn,-1.0,5,-1.0,3,82.17300527997766,1.311565670716311,0.2989149603143139,0.8515688400838234
237,249,249,correlation,knn,-1.0,5,-1.0,1,76.51715533289078,1.3918066067409989,0.2818273154800757,0.7692572516550639
238,250,250,correlation,knn,-1.0,5,-1.0,2,76.51715533289078,1.3918066067409989,0.2818273154800757,0.7692572516550639
239,251,251,correlation,knn,-1.0,5,-1.0,3,76.51715533289078,1.3918066067409989,0.2818273154800757,0.7692572516550639
240,252,252,euclidean,knn,-1.0,6,-1.0,1,81.41529892589034,1.32166919175612,0.2969690222342626,0.8348940044607465
241,253,253,euclidean,knn,-1.0,6,-1.0,2,82.30440892348311,1.308303981417633,0.29958084974176336,0.8685425493202144
242,254,254,euclidean,knn,-1.0,6,-1.0,3,81.41529892589034,1.32166919175612,0.2969690222342626,0.8348940044607465
243,255,255,correlation,knn,-1.0,6,-1.0,1,77.02897287870667,1.3868836120377022,0.2829095457935669,0.7542676757279664
244,256,256,correlation,knn,-1.0,6,-1.0,2,77.90918656074214,1.3639560489639724,0.28680154103067673,0.8158755966377977
245,257,257,correlation,knn,-1.0,6,-1.0,3,77.02897287870667,1.3868836120377022,0.2829095457935669,0.7542676757279664
246,258,258,euclidean,knn,-1.0,7,-1.0,1,81.75450193991541,1.3174502180032188,0.2975565551219097,0.8992963208884666
247,259,259,euclidean,knn,-1.0,7,-1.0,2,81.81026766096042,1.3154240468262488,0.2980577288250609,0.8991568729455465
248,260,260,euclidean,knn,-1.0,7,-1.0,3,81.75450193991541,1.3174502180032188,0.2975565551219097,0.8992963208884666
249,261,261,correlation,knn,-1.0,7,-1.0,1,78.60687803388305,1.3628831774388541,0.2862451708742084,0.7397751592508413
250,262,262,correlation,knn,-1.0,7,-1.0,2,77.52311723510705,1.373599303350548,0.28483690449136323,0.784467822247196
251,263,263,correlation,knn,-1.0,7,-1.0,3,78.60687803388305,1.3628831774388541,0.2862451708742084,0.7397751592508413
252,264,264,euclidean,knn,-1.0,8,-1.0,1,81.71165844933343,1.3111221026853959,0.2979384706245275,0.8837096104912531
253,265,265,euclidean,knn,-1.0,8,-1.0,2,81.71165844933343,1.3111221026853959,0.2979384706245275,0.8837096104912531
254,266,266,euclidean,knn,-1.0,8,-1.0,3,81.71165844933343,1.3111221026853959,0.2979384706245275,0.8837096104912531
255,267,267,correlation,knn,-1.0,8,-1.0,1,77.63907223978752,1.3747422503575801,0.28582387921388963,0.784467822247196
256,268,268,correlation,knn,-1.0,8,-1.0,2,77.45663960940833,1.3771670212086942,0.2842624672294876,0.7692146414362626
257,269,269,correlation,knn,-1.0,8,-1.0,3,77.63907223978752,1.3747422503575801,0.28582387921388963,0.784467822247196
258,270,270,euclidean,knn,-1.0,9,-1.0,1,81.58350245692016,1.3153823681488446,0.2969982663251564,0.8665957604928709
259,271,271,euclidean,knn,-1.0,9,-1.0,2,82.30440892348311,1.308303981417633,0.29958084974176336,0.8685425493202144
260,272,272,euclidean,knn,-1.0,9,-1.0,3,81.58350245692016,1.3153823681488446,0.2969982663251564,0.8665957604928709
261,273,273,correlation,knn,-1.0,9,-1.0,1,78.30620589281902,1.36537628477155,0.2872113078064093,0.7549233744573614
262,274,274,correlation,knn,-1.0,9,-1.0,2,76.86427170682268,1.3867015237409122,0.28461372387137485,0.7838852526821513
263,275,275,correlation,knn,-1.0,9,-1.0,3,78.30620589281902,1.36537628477155,0.2872113078064093,0.7549233744573614
264,276,276,euclidean,knn,-1.0,10,-1.0,1,82.1663742895054,1.3123865152242196,0.2986022948210568,0.8515688400838234
265,277,277,euclidean,knn,-1.0,10,-1.0,2,82.30440892348311,1.308303981417633,0.29958084974176336,0.8685425493202144
266,278,278,euclidean,knn,-1.0,10,-1.0,3,82.1663742895054,1.3123865152242196,0.2986022948210568,0.8515688400838234
267,279,279,correlation,knn,-1.0,10,-1.0,1,77.39032230531438,1.382774539422325,0.28544259401551186,0.7549233744573614
268,280,280,correlation,knn,-1.0,10,-1.0,2,78.73183723741042,1.3630538995039612,0.28764833374598275,0.8001336562298583
269,281,281,correlation,knn,-1.0,10,-1.0,3,77.39032230531438,1.382774539422325,0.28544259401551186,0.7549233744573614
270,282,282,euclidean,knn,-1.0,11,-1.0,1,83.09772586510334,1.3107076335208212,0.3002799804514726,0.8819060308281067
271,283,283,euclidean,knn,-1.0,11,-1.0,2,82.1663742895054,1.3123865152242196,0.2986022948210568,0.8515688400838234
272,284,284,euclidean,knn,-1.0,11,-1.0,3,83.09772586510334,1.3107076335208212,0.3002799804514726,0.8819060308281067
273,285,285,correlation,knn,-1.0,11,-1.0,1,78.96744718015164,1.355799445796843,0.28814386838580125,0.7711034095636224
274,286,286,correlation,knn,-1.0,11,-1.0,2,78.73183723741042,1.3630538995039612,0.28764833374598275,0.8001336562298583
275,287,287,correlation,knn,-1.0,11,-1.0,3,78.96744718015164,1.355799445796843,0.28814386838580125,0.7711034095636224
276,288,288,euclidean,knn,-1.0,12,-1.0,1,83.09772586510334,1.3107076335208212,0.3002799804514726,0.8819060308281067
277,289,289,euclidean,knn,-1.0,12,-1.0,2,83.1832876929511,1.306855415127,0.3010763586191935,0.8991568729455465
278,290,290,euclidean,knn,-1.0,12,-1.0,3,83.09772586510334,1.3107076335208212,0.3002799804514726,0.8819060308281067
279,291,291,correlation,knn,-1.0,12,-1.0,1,78.96744718015164,1.355799445796843,0.28814386838580125,0.7711034095636224
280,292,292,correlation,knn,-1.0,12,-1.0,2,78.7679800450179,1.3579664809900516,0.28811450125580135,0.7854749002839734
281,293,293,correlation,knn,-1.0,12,-1.0,3,78.96744718015164,1.355799445796843,0.28814386838580125,0.7711034095636224
282,294,294,euclidean,knn,-1.0,13,-1.0,1,83.09772586510334,1.3107076335208212,0.3002799804514726,0.8819060308281067
283,295,295,euclidean,knn,-1.0,13,-1.0,2,83.1832876929511,1.306855415127,0.3010763586191935,0.8991568729455465
284,296,296,euclidean,knn,-1.0,13,-1.0,3,83.09772586510334,1.3107076335208212,0.3002799804514726,0.8819060308281067
285,297,297,correlation,knn,-1.0,13,-1.0,1,78.77746429418895,1.3618879374293205,0.2872660504335632,0.7557967426707976
286,298,298,correlation,knn,-1.0,13,-1.0,2,78.7679800450179,1.3579664809900516,0.28811450125580135,0.7854749002839734
287,299,299,correlation,knn,-1.0,13,-1.0,3,78.77746429418895,1.3618879374293205,0.2872660504335632,0.7557967426707976
288,300,300,euclidean,knn,-1.0,14,-1.0,1,83.09772586510334,1.3107076335208212,0.3002799804514726,0.8819060308281067
289,301,301,euclidean,knn,-1.0,14,-1.0,2,83.1832876929511,1.306855415127,0.3010763586191935,0.8991568729455465
290,302,302,euclidean,knn,-1.0,14,-1.0,3,83.09772586510334,1.3107076335208212,0.3002799804514726,0.8819060308281067
291,303,303,correlation,knn,-1.0,14,-1.0,1,78.77746429418895,1.3618879374293205,0.2872660504335632,0.7557967426707976
292,304,304,correlation,knn,-1.0,14,-1.0,2,78.46735851731725,1.363512478998062,0.28665933343890526,0.7845473918893952
293,305,305,correlation,knn,-1.0,14,-1.0,3,78.77746429418895,1.3618879374293205,0.2872660504335632,0.7557967426707976
294,306,306,euclidean,knn,-1.0,15,-1.0,1,83.09772586510334,1.3107076335208212,0.3002799804514726,0.8819060308281067
295,307,307,euclidean,knn,-1.0,15,-1.0,2,83.1201178153318,1.307485582969869,0.299487177582065,0.8819496284707922
296,308,308,euclidean,knn,-1.0,15,-1.0,3,83.09772586510334,1.3107076335208212,0.3002799804514726,0.8819060308281067
297,309,309,correlation,knn,-1.0,15,-1.0,1,78.77746429418895,1.3618879374293205,0.2872660504335632,0.7557967426707976
298,310,310,correlation,knn,-1.0,15,-1.0,2,78.46735851731725,1.363512478998062,0.28665933343890526,0.7845473918893952
299,311,311,correlation,knn,-1.0,15,-1.0,3,78.77746429418895,1.3618879374293205,0.2872660504335632,0.7557967426707976
300,312,312,euclidean,knn,-1.0,16,-1.0,1,83.29302696967545,1.306974895444951,0.3016367822341258,0.8837096104912531
301,313,313,euclidean,knn,-1.0,16,-1.0,2,83.23558860082079,1.3077417682100478,0.3000336408933602,0.8666327200535409
302,314,314,euclidean,knn,-1.0,16,-1.0,3,83.29302696967545,1.306974895444951,0.3016367822341258,0.8837096104912531
303,315,315,correlation,knn,-1.0,16,-1.0,1,78.77746429418895,1.3618879374293205,0.2872660504335632,0.7557967426707976
304,316,316,correlation,knn,-1.0,16,-1.0,2,78.46735851731724,1.363512478998062,0.28665933343890526,0.7845473918893952
305,317,317,correlation,knn,-1.0,16,-1.0,3,78.77746429418895,1.3618879374293205,0.2872660504335632,0.7557967426707976
306,318,318,euclidean,knn,-1.0,17,-1.0,1,83.1201178153318,1.307485582969869,0.299487177582065,0.8819496284707922
307,319,319,euclidean,knn,-1.0,17,-1.0,2,83.23558860082079,1.3077417682100478,0.3000336408933602,0.8666327200535409
308,320,320,euclidean,knn,-1.0,17,-1.0,3,83.1201178153318,1.307485582969869,0.299487177582065,0.8819496284707922
309,321,321,correlation,knn,-1.0,17,-1.0,1,77.56587014981108,1.3770258556622281,0.28322744503301045,0.7548781005452883
310,322,322,correlation,knn,-1.0,17,-1.0,2,78.46735851731724,1.363512478998062,0.28665933343890526,0.7845473918893952
311,323,323,correlation,knn,-1.0,17,-1.0,3,77.56587014981108,1.3770258556622281,0.28322744503301045,0.7548781005452883
312,324,324,euclidean,knn,-1.0,18,-1.0,1,83.23558860082079,1.3077417682100478,0.3000336408933602,0.8666327200535409
313,325,325,euclidean,knn,-1.0,18,-1.0,2,83.23558860082079,1.3077417682100478,0.3000336408933602,0.8666327200535409
314,326,326,euclidean,knn,-1.0,18,-1.0,3,83.23558860082079,1.3077417682100478,0.3000336408933602,0.8666327200535409
315,327,327,correlation,knn,-1.0,18,-1.0,1,77.23017149124576,1.3829220542843437,0.28255463795973723,0.7260938922200045
316,328,328,correlation,knn,-1.0,18,-1.0,2,78.49406965323121,1.3679965018524518,0.28640570575564417,0.7993535767908995
317,329,329,correlation,knn,-1.0,18,-1.0,3,77.23017149124576,1.3829220542843437,0.28255463795973723,0.7260938922200045
318,330,330,euclidean,knn,-1.0,19,-1.0,1,83.23558860082079,1.3077417682100478,0.3000336408933602,0.8666327200535409
319,331,331,euclidean,knn,-1.0,19,-1.0,2,83.23558860082079,1.3077417682100478,0.3000336408933602,0.8666327200535409
320,332,332,euclidean,knn,-1.0,19,-1.0,3,83.23558860082079,1.3077417682100478,0.3000336408933602,0.8666327200535409
321,333,333,correlation,knn,-1.0,19,-1.0,1,77.77973812165982,1.376354584859478,0.28414331384494185,0.7407921417181667
322,334,334,correlation,knn,-1.0,19,-1.0,2,78.40702162911062,1.3644850784612794,0.28635107885126665,0.8150750667598613
323,335,335,correlation,knn,-1.0,19,-1.0,3,77.77973812165982,1.376354584859478,0.28414331384494185,0.7407921417181667
324,336,336,euclidean,mutual_knn,-1.0,3,-1.0,1,1.348921720999,0.8943979977724436,-0.17431827122153074,0.0004464508480769035
325,338,338,euclidean,mutual_knn,-1.0,3,-1.0,3,1.519266759160845,0.8077135741989103,-0.13831045022980545,0.00277324863465752
326,339,339,correlation,mutual_knn,-1.0,3,-1.0,1,0.9144356145595618,1.4107702690742456,-0.3036506040900186,0.0004464508480769035
327,341,341,correlation,mutual_knn,-1.0,3,-1.0,3,1.1580990560243045,0.9867392456022414,-0.22716649548363632,0.00277324863465752
328,342,342,euclidean,mutual_knn,-1.0,4,-1.0,1,1.119851159076917,0.9564019577761589,-0.06950270482804922,0.0004464508480769035
329,344,344,euclidean,mutual_knn,-1.0,4,-1.0,3,1.4243931271263746,0.8234502880261384,0.01679252637626877,0.005100046421238136
330,345,345,correlation,mutual_knn,-1.0,4,-1.0,1,0.783585484440619,1.3153432547656203,-0.25264341683021974,0.00277324863465752
331,347,347,correlation,mutual_knn,-1.0,4,-1.0,3,1.1480314352963583,0.90768983023407,0.0024100954412112846,0.005100046421238136
332,348,348,euclidean,mutual_knn,-1.0,5,-1.0,1,1.7865700272404819,0.7753919433438812,-0.11005941510243344,0.00277324863465752
333,350,350,euclidean,mutual_knn,-1.0,5,-1.0,3,1.6383912135178296,0.8465097403561733,0.005009612654262796,0.005100046421238136
334,351,351,correlation,mutual_knn,-1.0,5,-1.0,1,0.6574784645725866,1.204989975908595,-0.2346075258371861,0.0004464508480769035
335,353,353,correlation,mutual_knn,-1.0,5,-1.0,3,0.7270558662701277,1.1580387464195623,-0.2855968383906325,0.00277324863465752
336,354,354,euclidean,mutual_knn,-1.0,6,-1.0,1,2.4158278193802705,0.636610306526793,0.07742306832389376,0.0004464508480769035
337,356,356,euclidean,mutual_knn,-1.0,6,-1.0,3,2.4158278193802705,0.636610306526793,0.07742306832389376,0.0004464508480769035
338,357,357,correlation,mutual_knn,-1.0,6,-1.0,1,0.7167672736183012,1.1577898990268432,-0.11647217468199123,0.0004464508480769035
339,358,358,correlation,mutual_knn,-1.0,6,-1.0,2,33.79506604745058,1.3787693943448665,0.052353244128999214,0.41241130239653545
340,359,359,correlation,mutual_knn,-1.0,6,-1.0,3,0.7167672736183012,1.1577898990268432,-0.11647217468199123,0.0004464508480769035
341,360,360,euclidean,mutual_knn,-1.0,7,-1.0,1,2.1295108544913557,0.6720132387589048,0.06892092265352093,0.0004464508480769035
342,362,362,euclidean,mutual_knn,-1.0,7,-1.0,3,1.5167059102949974,0.8369415462195023,-0.050367284660857735,-0.00381934509398756
343,363,363,correlation,mutual_knn,-1.0,7,-1.0,1,34.03624188403322,1.2170870224918773,0.0883449783997803,0.45031139960704386
344,364,364,correlation,mutual_knn,-1.0,7,-1.0,2,46.71382278668831,1.5729822824482997,0.18056549350398152,0.429173758337702
345,365,365,correlation,mutual_knn,-1.0,7,-1.0,3,34.03624188403322,1.2170870224918773,0.0883449783997803,0.45031139960704386
346,366,366,euclidean,mutual_knn,-1.0,8,-1.0,1,1.5167059102949974,0.8369415462195023,-0.050367284660857735,-0.00381934509398756
347,368,368,euclidean,mutual_knn,-1.0,8,-1.0,3,1.5167059102949974,0.8369415462195023,-0.050367284660857735,-0.00381934509398756
348,369,369,correlation,mutual_knn,-1.0,8,-1.0,1,34.03624188403322,1.2170870224918773,0.0883449783997803,0.45031139960704386
349,370,370,correlation,mutual_knn,-1.0,8,-1.0,2,48.37417452911314,1.5960990148911378,0.20169514098327723,0.4475465716255962
350,371,371,correlation,mutual_knn,-1.0,8,-1.0,3,34.03624188403322,1.2170870224918773,0.0883449783997803,0.45031139960704386
351,372,372,euclidean,mutual_knn,-1.0,9,-1.0,1,1.5693338807136734,0.8392983995887432,-0.02192812084218081,-0.00381934509398756
352,374,374,euclidean,mutual_knn,-1.0,9,-1.0,3,1.5693338807136734,0.8392983995887432,-0.02192812084218081,-0.00381934509398756
353,375,375,correlation,mutual_knn,-1.0,9,-1.0,1,34.03624188403322,1.2170870224918773,0.0883449783997803,0.45031139960704386
354,376,376,correlation,mutual_knn,-1.0,9,-1.0,2,49.29527397047279,1.6133655544866146,0.21070660179303966,0.45085801687975313
355,377,377,correlation,mutual_knn,-1.0,9,-1.0,3,34.03624188403322,1.2170870224918773,0.0883449783997803,0.45031139960704386
356,378,378,euclidean,mutual_knn,-1.0,10,-1.0,1,1.5693338807136734,0.8392983995887432,-0.02192812084218081,-0.00381934509398756
357,380,380,euclidean,mutual_knn,-1.0,10,-1.0,3,1.5693338807136734,0.8392983995887432,-0.02192812084218081,-0.00381934509398756
358,381,381,correlation,mutual_knn,-1.0,10,-1.0,1,39.08741908131538,1.101194331790848,0.10204824709721445,0.46522875478856107
359,382,382,correlation,mutual_knn,-1.0,10,-1.0,2,54.08575269948094,1.7365234436966601,0.23427934071523746,0.46737609524419305
360,383,383,correlation,mutual_knn,-1.0,10,-1.0,3,39.08741908131538,1.101194331790848,0.10204824709721445,0.46522875478856107
361,384,384,euclidean,mutual_knn,-1.0,11,-1.0,1,1.5693338807136734,0.8392983995887432,-0.02192812084218081,-0.00381934509398756
362,386,386,euclidean,mutual_knn,-1.0,11,-1.0,3,1.9407052129415465,0.7039926482512994,0.0581825811814466,-0.00381934509398756
363,387,387,correlation,mutual_knn,-1.0,11,-1.0,1,39.08741908131538,1.101194331790848,0.10204824709721445,0.46522875478856107
364,388,388,correlation,mutual_knn,-1.0,11,-1.0,2,54.085752699480935,1.73652344369666,0.23427934071523746,0.46737609524419305
365,389,389,correlation,mutual_knn,-1.0,11,-1.0,3,39.08741908131538,1.101194331790848,0.10204824709721445,0.46522875478856107
366,390,390,euclidean,mutual_knn,-1.0,12,-1.0,1,1.5693338807136734,0.8392983995887432,-0.02192812084218081,-0.00381934509398756
367,392,392,euclidean,mutual_knn,-1.0,12,-1.0,3,1.5693338807136734,0.8392983995887432,-0.02192812084218081,-0.00381934509398756
368,393,393,correlation,mutual_knn,-1.0,12,-1.0,1,39.08741908131538,1.101194331790848,0.10204824709721445,0.46522875478856107
369,394,394,correlation,mutual_knn,-1.0,12,-1.0,2,53.30634920023988,1.7800420989834163,0.2282507789073062,0.46737609524419305
370,395,395,correlation,mutual_knn,-1.0,12,-1.0,3,39.08741908131538,1.101194331790848,0.10204824709721445,0.46522875478856107
371,396,396,euclidean,mutual_knn,-1.0,13,-1.0,1,2.308496014145058,0.659269410274235,0.13635405770871056,-0.00381934509398756
372,397,397,euclidean,mutual_knn,-1.0,13,-1.0,2,1.3535941525477089,10.524504345739006,-0.01460795386751077,0.00045462762495144735
373,398,398,euclidean,mutual_knn,-1.0,13,-1.0,3,2.308496014145058,0.659269410274235,0.13635405770871056,-0.00381934509398756
374,399,399,correlation,mutual_knn,-1.0,13,-1.0,1,39.08741908131538,1.101194331790848,0.10204824709721445,0.46522875478856107
375,400,400,correlation,mutual_knn,-1.0,13,-1.0,2,76.76078762038294,1.3480595876776968,0.2859546952212927,0.8333985992979696
376,401,401,correlation,mutual_knn,-1.0,13,-1.0,3,39.08741908131538,1.101194331790848,0.10204824709721445,0.46522875478856107
377,402,402,euclidean,mutual_knn,-1.0,14,-1.0,1,2.308496014145058,0.659269410274235,0.13635405770871056,-0.00381934509398756
378,403,403,euclidean,mutual_knn,-1.0,14,-1.0,2,2.822592926793947,0.8279762700715572,0.0999393225869118,0.003140663473048645
379,404,404,euclidean,mutual_knn,-1.0,14,-1.0,3,2.308496014145058,0.659269410274235,0.13635405770871056,-0.00381934509398756
380,405,405,correlation,mutual_knn,-1.0,14,-1.0,1,39.46863200669431,1.0899962176108167,0.10369713262530662,0.473049084910749
381,406,406,correlation,mutual_knn,-1.0,14,-1.0,2,43.69559545126927,2.376870610503097,0.23805409683771261,0.4511937350230284
382,407,407,correlation,mutual_knn,-1.0,14,-1.0,3,39.46863200669431,1.0899962176108167,0.10369713262530662,0.473049084910749
383,408,408,euclidean,mutual_knn,-1.0,15,-1.0,1,2.308496014145058,0.659269410274235,0.13635405770871056,-0.00381934509398756
384,409,409,euclidean,mutual_knn,-1.0,15,-1.0,2,2.822592926793947,0.8279762700715572,0.0999393225869118,0.003140663473048645
385,410,410,euclidean,mutual_knn,-1.0,15,-1.0,3,2.308496014145058,0.659269410274235,0.13635405770871056,-0.00381934509398756
386,411,411,correlation,mutual_knn,-1.0,15,-1.0,1,39.46863200669431,1.0899962176108167,0.10369713262530662,0.473049084910749
387,412,412,correlation,mutual_knn,-1.0,15,-1.0,2,43.52068783321317,2.2008491056021566,0.23097791254739566,0.45836752372665185
388,413,413,correlation,mutual_knn,-1.0,15,-1.0,3,39.46863200669431,1.0899962176108167,0.10369713262530662,0.473049084910749
389,414,414,euclidean,mutual_knn,-1.0,16,-1.0,1,2.308496014145058,0.659269410274235,0.13635405770871056,-0.00381934509398756
390,415,415,euclidean,mutual_knn,-1.0,16,-1.0,2,2.308496014145058,0.659269410274235,0.13635405770871056,-0.00381934509398756
391,416,416,euclidean,mutual_knn,-1.0,16,-1.0,3,2.308496014145058,0.659269410274235,0.13635405770871056,-0.00381934509398756
392,417,417,correlation,mutual_knn,-1.0,16,-1.0,1,39.46863200669431,1.0899962176108167,0.10369713262530662,0.473049084910749
393,418,418,correlation,mutual_knn,-1.0,16,-1.0,2,51.99122498275938,1.8676362375599913,0.22577849199786446,0.46550998912780006
394,419,419,correlation,mutual_knn,-1.0,16,-1.0,3,39.46863200669431,1.0899962176108167,0.10369713262530662,0.473049084910749
395,420,420,euclidean,mutual_knn,-1.0,17,-1.0,1,2.308496014145058,0.659269410274235,0.13635405770871056,-0.00381934509398756
396,421,421,euclidean,mutual_knn,-1.0,17,-1.0,2,2.308496014145058,0.659269410274235,0.13635405770871056,-0.00381934509398756
397,422,422,euclidean,mutual_knn,-1.0,17,-1.0,3,2.308496014145058,0.659269410274235,0.13635405770871056,-0.00381934509398756
398,423,423,correlation,mutual_knn,-1.0,17,-1.0,1,39.46863200669431,1.0899962176108167,0.10369713262530662,0.473049084910749
399,424,424,correlation,mutual_knn,-1.0,17,-1.0,2,51.99122498275939,1.8676362375599913,0.22577849199786446,0.46550998912780006
400,425,425,correlation,mutual_knn,-1.0,17,-1.0,3,39.46863200669431,1.0899962176108167,0.10369713262530662,0.473049084910749
401,426,426,euclidean,mutual_knn,-1.0,18,-1.0,1,2.308496014145058,0.659269410274235,0.13635405770871056,-0.00381934509398756
402,427,427,euclidean,mutual_knn,-1.0,18,-1.0,2,2.308496014145058,0.659269410274235,0.13635405770871056,-0.00381934509398756
403,428,428,euclidean,mutual_knn,-1.0,18,-1.0,3,2.308496014145058,0.659269410274235,0.13635405770871056,-0.00381934509398756
404,429,429,correlation,mutual_knn,-1.0,18,-1.0,1,81.741155047509,1.3182354677538983,0.2950286334255559,0.8821671347157464
405,430,430,correlation,mutual_knn,-1.0,18,-1.0,2,81.741155047509,1.318235467753898,0.2950286334255559,0.8821671347157464
406,431,431,correlation,mutual_knn,-1.0,18,-1.0,3,42.75655248776487,1.3795737586195094,0.23620712608783076,0.45640304477398574
407,432,432,euclidean,mutual_knn,-1.0,19,-1.0,1,2.308496014145058,0.659269410274235,0.13635405770871056,-0.00381934509398756
408,433,433,euclidean,mutual_knn,-1.0,19,-1.0,2,2.308496014145058,0.659269410274235,0.13635405770871056,-0.00381934509398756
409,434,434,euclidean,mutual_knn,-1.0,19,-1.0,3,2.308496014145058,0.659269410274235,0.13635405770871056,-0.00381934509398756
410,435,435,correlation,mutual_knn,-1.0,19,-1.0,1,81.68441662485588,1.3244681481359406,0.29453393232520253,0.8651719100480858
411,436,436,correlation,mutual_knn,-1.0,19,-1.0,2,81.68441662485588,1.3244681481359406,0.29453393232520253,0.8651719100480858
412,437,437,correlation,mutual_knn,-1.0,19,-1.0,3,42.75655248776487,1.3795737586195094,0.23620712608783076,0.45640304477398574
